id_transacao,data_venda,id_cliente,produto_bruto,preco_venda,quantidade,produto_limpo,faturamento
TRX-10000,2026-01-15,CLI-1042,Vestido Midi Algodão Sustentável,311.7617194744093,2,VESTIDO MIDI ALGODÃO,623.5234389488186
TRX-10001,,CLI-1022,calca alfaiataria preta,236.14074561769743,1,CALÇA ALFAIATARIA PRETA,236.14074561769743
TRX-10002,,CLI-1023,vestido midi algodao,293.24834444556086,1,VESTIDO MIDI ALGODAO,293.24834444556086
TRX-10003,,CLI-1029,calca alfaiataria preta,268.69639408647976,1,CALÇA ALFAIATARIA PRETA,268.69639408647976
TRX-10004,,CLI-1021,BLAZER SEPIA VINTAGE,377.2361803941373,1,BLAZER VINTAGE MARROM,377.2361803941373
TRX-10005,,CLI-1041,VESTIDO SUSTENTAVEL MIDI,291.5491656079217,1,VESTIDO MIDI ALGODÃO,291.5491656079217
TRX-10006,,CLI-1046,BLAZER SEPIA VINTAGE,384.5544737317476,1,BLAZER VINTAGE MARROM,384.5544737317476
TRX-10007,,CLI-1002,BLAZER SEPIA VINTAGE,390.46937753654447,2,BLAZER VINTAGE MARROM,780.9387550730889
TRX-10008,,CLI-1017,Vestido Midi Algodão Sustentável,286.72096494749167,3,VESTIDO MIDI ALGODÃO,860.162894842475
TRX-10009,,CLI-1025,BLAZER SEPIA VINTAGE,392.4315287138216,1,BLAZER VINTAGE MARROM,392.4315287138216
TRX-10010,2026-03-01,CLI-1006,Calça Alfaiataria Minimalista,239.54101864104047,1,CALÇA ALFAIATARIA PRETA,239.54101864104047
TRX-10011,,CLI-1016,vestido midi algodao,281.2755408446087,1,VESTIDO MIDI ALGODAO,281.2755408446087
TRX-10012,,CLI-1041,vestido midi algodao,310.1144564127061,1,VESTIDO MIDI ALGODAO,310.1144564127061
TRX-10013,,CLI-1043,Tênis Vegano Casual Branco,298.6833851105823,3,TÊNIS VEGANO BRANCO,896.050155331747
TRX-10014,,CLI-1047,tenis vegano branco,296.96635463175176,1,TÊNIS VEGANO BRANCO,296.96635463175176
TRX-10016,,CLI-1023,Tênis Vegano Casual Branco,270.7539612709558,1,TÊNIS VEGANO BRANCO,270.7539612709558
TRX-10017,,CLI-1040,BLAZER SEPIA VINTAGE,394.18136990746734,1,BLAZER VINTAGE MARROM,394.18136990746734
TRX-10018,,CLI-1008,Tênis Vegano Casual Branco,262.8820257471908,2,TÊNIS VEGANO BRANCO,525.7640514943816
TRX-10019,,CLI-1010,BLAZER SEPIA VINTAGE,381.6395269887215,1,BLAZER VINTAGE MARROM,381.6395269887215
TRX-10020,2026-02-02,CLI-1004,vestido midi algodao,309.0602867216395,3,VESTIDO MIDI ALGODAO,927.1808601649185
TRX-10021,,CLI-1008,Blazer Vintage Marrom Sépia,374.5347623810052,1,BLAZER VINTAGE MARROM,374.5347623810052
TRX-10022,,CLI-1022,camisa linho bege MINI,173.71640465961644,1,CAMISA LINHO BEGE,173.71640465961644
TRX-10023,,CLI-1021,calca alfaiataria preta,259.0842471335226,2,CALÇA ALFAIATARIA PRETA,518.1684942670452
TRX-10024,,CLI-1013,Camisa de Linho Orgânico - Bege,185.2170749901516,2,CAMISA LINHO BEGE,370.4341499803032
TRX-10025,,CLI-1038,calca alfaiataria preta,252.35108790277985,1,CALÇA ALFAIATARIA PRETA,252.35108790277985
TRX-10026,,CLI-1012,TENIS CASUAL VEGANO,277.00164073434195,1,TÊNIS VEGANO BRANCO,277.00164073434195
TRX-10027,,CLI-1003,Vestido Midi Algodão Sustentável,298.91480892728447,3,VESTIDO MIDI ALGODÃO,896.7444267818535
TRX-10028,,CLI-1042,Vestido Midi Algodão Sustentável,304.07669517111265,1,VESTIDO MIDI ALGODÃO,304.07669517111265
TRX-10029,,CLI-1021,Tênis Vegano Casual Branco,262.9791963931517,2,TÊNIS VEGANO BRANCO,525.9583927863034
TRX-10030,2026-02-26,CLI-1005,Blazer Vintage Marrom Sépia,402.2248151825767,1,BLAZER VINTAGE MARROM,402.2248151825767
TRX-10031,,CLI-1010,BLAZER SEPIA VINTAGE,377.36280235544143,1,BLAZER VINTAGE MARROM,377.36280235544143
TRX-10032,,CLI-1032,Vestido Midi Algodão Sustentável,315.7436519969397,1,VESTIDO MIDI ALGODÃO,315.7436519969397
TRX-10033,,CLI-1012,blazer vintage marrom,386.9843115450502,2,BLAZER VINTAGE MARROM,773.9686230901004
TRX-10034,,CLI-1008,Vestido Midi Algodão Sustentável,286.48623412571766,1,VESTIDO MIDI ALGODÃO,286.48623412571766
TRX-10035,,CLI-1023,Camisa de Linho Orgânico - Bege,174.69461469334732,3,CAMISA LINHO BEGE,524.0838440800419
TRX-10036,,CLI-1040,CALÇA ALFAIATARIA PRETA,238.6505687829228,1,CALÇA ALFAIATARIA PRETA,238.6505687829228
TRX-10037,,CLI-1011,tenis vegano branco,298.7712833088384,1,TÊNIS VEGANO BRANCO,298.7712833088384
TRX-10038,,CLI-1048,camisa linho bege MINI,198.3908235969777,3,CAMISA LINHO BEGE,595.1724707909331
TRX-10039,,CLI-1027,blazer vintage marrom,394.2825733591959,1,BLAZER VINTAGE MARROM,394.2825733591959
TRX-10040,2026-01-01,CLI-1018,calca alfaiataria preta,243.70284992106733,1,CALÇA ALFAIATARIA PRETA,243.70284992106733
TRX-10041,,CLI-1005,calca alfaiataria preta,249.4781104111025,1,CALÇA ALFAIATARIA PRETA,249.4781104111025
TRX-10042,,CLI-1016,Calça Alfaiataria Minimalista,233.13413305330863,2,CALÇA ALFAIATARIA PRETA,466.26826610661726
TRX-10043,,CLI-1005,vestido midi algodao,298.71202537784154,1,VESTIDO MIDI ALGODAO,298.71202537784154
TRX-10044,,CLI-1008,TENIS CASUAL VEGANO,263.5115908021764,1,TÊNIS VEGANO BRANCO,263.5115908021764
TRX-10045,,CLI-1019,CALÇA ALFAIATARIA PRETA,257.7325122716353,1,CALÇA ALFAIATARIA PRETA,257.7325122716353
TRX-10046,,CLI-1018,Calça Alfaiataria Minimalista,230.56351315711424,1,CALÇA ALFAIATARIA PRETA,230.56351315711424
TRX-10047,,CLI-1039,Vestido Midi Algodão Sustentável,286.87465716019966,1,VESTIDO MIDI ALGODÃO,286.87465716019966
TRX-10048,,CLI-1027,camisa linho bege MINI,203.4084042362931,2,CAMISA LINHO BEGE,406.8168084725862
TRX-10049,,CLI-1041,camisa linho bege MINI,206.8877447311425,1,CAMISA LINHO BEGE,206.8877447311425
TRX-10050,2026-04-22,CLI-1048,BLAZER SEPIA VINTAGE,277.32034076109596,1,BLAZER VINTAGE MARROM,277.32034076109596
TRX-10051,,CLI-1031,tenis vegano branco,295.7886303181331,1,TÊNIS VEGANO BRANCO,295.7886303181331
TRX-10052,,CLI-1047,VESTIDO SUSTENTAVEL MIDI,291.05485410368726,2,VESTIDO MIDI ALGODÃO,582.1097082073745
TRX-10053,,CLI-1032,Calça Alfaiataria Minimalista,265.3834569706047,1,CALÇA ALFAIATARIA PRETA,265.3834569706047
TRX-10054,,CLI-1037,blazer vintage marrom,407.3253997688379,1,BLAZER VINTAGE MARROM,407.3253997688379
TRX-10055,,CLI-1034,tenis vegano branco,260.2678820646652,3,TÊNIS VEGANO BRANCO,780.8036461939955
TRX-10056,,CLI-1001,camisa linho bege MINI,176.33232205669995,1,CAMISA LINHO BEGE,176.33232205669995
TRX-10057,,CLI-1003,Tênis Vegano Casual Branco,268.8707723784224,1,TÊNIS VEGANO BRANCO,268.8707723784224
TRX-10058,,CLI-1007,calca alfaiataria preta,237.0529083688532,2,CALÇA ALFAIATARIA PRETA,474.1058167377064
TRX-10059,,CLI-1011,Camisa de Linho Orgânico - Bege,182.2224316740956,1,CAMISA LINHO BEGE,182.2224316740956
TRX-10060,2026-04-20,CLI-1029,CALÇA ALFAIATARIA PRETA,240.50809470726904,3,CALÇA ALFAIATARIA PRETA,721.5242841218071
TRX-10061,,CLI-1026,Tênis Vegano Casual Branco,279.3696861183782,1,TÊNIS VEGANO BRANCO,279.3696861183782
TRX-10062,,CLI-1046,calca alfaiataria preta,250.0054837242077,1,CALÇA ALFAIATARIA PRETA,250.0054837242077
TRX-10063,,CLI-1018,calca alfaiataria preta,239.1074107296622,1,CALÇA ALFAIATARIA PRETA,239.1074107296622
TRX-10064,,CLI-1027,Camisa de Linho Orgânico - Bege,171.64415087017736,1,CAMISA LINHO BEGE,171.64415087017736
TRX-10065,,CLI-1040,tenis vegano branco,296.4945756088179,3,TÊNIS VEGANO BRANCO,889.4837268264537
TRX-10066,,CLI-1030,Tênis Vegano Casual Branco,277.02736593269253,3,TÊNIS VEGANO BRANCO,831.0820977980776
TRX-10067,,CLI-1031,Camisa de Linho Orgânico - Bege,172.91385024024513,2,CAMISA LINHO BEGE,345.82770048049025
TRX-10068,,CLI-1041,CAMISA LINHO BEGE,176.6797098674437,3,CAMISA LINHO BEGE,530.0391296023311
TRX-10069,,CLI-1023,Blazer Vintage Marrom Sépia,407.1006733924333,1,BLAZER VINTAGE MARROM,407.1006733924333
TRX-10070,2026-03-07,CLI-1026,TENIS CASUAL VEGANO,299.5021540041705,1,TÊNIS VEGANO BRANCO,299.5021540041705
TRX-10071,,CLI-1008,Blazer Vintage Marrom Sépia,399.53074471016816,2,BLAZER VINTAGE MARROM,799.0614894203363
TRX-10072,,CLI-1025,Vestido Midi Algodão Sustentável,291.6436737705797,2,VESTIDO MIDI ALGODÃO,583.2873475411594
TRX-10073,,CLI-1006,VESTIDO SUSTENTAVEL MIDI,304.3605484346272,1,VESTIDO MIDI ALGODÃO,304.3605484346272
TRX-10074,,CLI-1045,Tênis Vegano Casual Branco,267.6709581404817,2,TÊNIS VEGANO BRANCO,535.3419162809633
TRX-10075,,CLI-1027,BLAZER SEPIA VINTAGE,405.3646859580264,1,BLAZER VINTAGE MARROM,405.3646859580264
TRX-10076,,CLI-1024,Vestido Midi Algodão Sustentável,306.78104541180795,1,VESTIDO MIDI ALGODÃO,306.78104541180795
TRX-10077,,CLI-1021,tenis vegano branco,271.3616500851314,1,TÊNIS VEGANO BRANCO,271.3616500851314
TRX-10078,,CLI-1042,Blazer Vintage Marrom Sépia,402.8040224263863,1,BLAZER VINTAGE MARROM,402.8040224263863
TRX-10079,,CLI-1043,Camisa de Linho Orgânico - Bege,203.01476015150357,3,CAMISA LINHO BEGE,609.0442804545107
TRX-10080,2026-04-19,CLI-1031,Vestido Midi Algodão Sustentável,283.3138985997507,1,VESTIDO MIDI ALGODÃO,283.3138985997507
TRX-10081,,CLI-1015,TENIS CASUAL VEGANO,287.8804884306877,3,TÊNIS VEGANO BRANCO,863.6414652920631
TRX-10082,,CLI-1016,BLAZER SEPIA VINTAGE,398.48380416719806,1,BLAZER VINTAGE MARROM,398.48380416719806
TRX-10083,,CLI-1025,CAMISA LINHO BEGE,187.45885682822544,1,CAMISA LINHO BEGE,187.45885682822544
TRX-10084,,CLI-1011,calca alfaiataria preta,233.13491866468792,1,CALÇA ALFAIATARIA PRETA,233.13491866468792
TRX-10085,,CLI-1033,Blazer Vintage Marrom Sépia,406.5085491050592,1,BLAZER VINTAGE MARROM,406.5085491050592
TRX-10086,,CLI-1044,CALÇA ALFAIATARIA PRETA,258.4838369080025,1,CALÇA ALFAIATARIA PRETA,258.4838369080025
TRX-10087,,CLI-1004,Tênis Vegano Casual Branco,289.4158766678308,1,TÊNIS VEGANO BRANCO,289.4158766678308
TRX-10089,,CLI-1027,CALÇA ALFAIATARIA PRETA,230.47573954519024,1,CALÇA ALFAIATARIA PRETA,230.47573954519024
TRX-10090,2026-03-03,CLI-1004,Camisa de Linho Orgânico - Bege,182.35653237565177,1,CAMISA LINHO BEGE,182.35653237565177
TRX-10091,,CLI-1038,Blazer Vintage Marrom Sépia,400.4345769201564,1,BLAZER VINTAGE MARROM,400.4345769201564
TRX-10092,,CLI-1009,tenis vegano branco,277.2540659695189,3,TÊNIS VEGANO BRANCO,831.7621979085566
TRX-10093,,CLI-1009,Calça Alfaiataria Minimalista,231.7121603908818,1,CALÇA ALFAIATARIA PRETA,231.7121603908818
TRX-10094,,CLI-1004,Blazer Vintage Marrom Sépia,389.9415953566103,1,BLAZER VINTAGE MARROM,389.9415953566103
TRX-10095,,CLI-1048,vestido midi algodao,317.65566418243026,2,VESTIDO MIDI ALGODAO,635.3113283648605
TRX-10096,,CLI-1049,blazer vintage marrom,401.937971787296,1,BLAZER VINTAGE MARROM,401.937971787296
TRX-10097,,CLI-1042,Camisa de Linho Orgânico - Bege,188.2301156196607,3,CAMISA LINHO BEGE,564.6903468589821
TRX-10098,,CLI-1009,CAMISA LINHO BEGE,202.71707375085072,1,CAMISA LINHO BEGE,202.71707375085072
TRX-10099,,CLI-1045,Tênis Vegano Casual Branco,262.6744520350066,1,TÊNIS VEGANO BRANCO,262.6744520350066
TRX-10100,2026-03-28,CLI-1016,CAMISA LINHO BEGE,194.6301553735157,1,CAMISA LINHO BEGE,194.6301553735157
TRX-10101,,CLI-1033,Tênis Vegano Casual Branco,293.6950124387782,1,TÊNIS VEGANO BRANCO,293.6950124387782
TRX-10102,,CLI-1049,Vestido Midi Algodão Sustentável,284.62659310486623,1,VESTIDO MIDI ALGODÃO,284.62659310486623
TRX-10103,,CLI-1020,Tênis Vegano Casual Branco,261.4674530670258,3,TÊNIS VEGANO BRANCO,784.4023592010774
TRX-10104,,CLI-1023,Calça Alfaiataria Minimalista,236.99758175118893,2,CALÇA ALFAIATARIA PRETA,473.99516350237786
TRX-10105,,CLI-1017,Camisa de Linho Orgânico - Bege,199.1659102119856,1,CAMISA LINHO BEGE,199.1659102119856
TRX-10106,,CLI-1036,vestido midi algodao,314.58466428838886,1,VESTIDO MIDI ALGODAO,314.58466428838886
TRX-10107,,CLI-1034,Vestido Midi Algodão Sustentável,309.9348427116599,1,VESTIDO MIDI ALGODÃO,309.9348427116599
TRX-10108,,CLI-1047,Camisa de Linho Orgânico - Bege,191.27309894122251,1,CAMISA LINHO BEGE,191.27309894122251
TRX-10109,,CLI-1035,Tênis Vegano Casual Branco,295.720929139848,1,TÊNIS VEGANO BRANCO,295.720929139848
TRX-10110,2026-01-09,CLI-1006,VESTIDO SUSTENTAVEL MIDI,313.7857257638236,3,VESTIDO MIDI ALGODÃO,941.3571772914709
TRX-10111,,CLI-1046,TENIS CASUAL VEGANO,297.9242858775022,1,TÊNIS VEGANO BRANCO,297.9242858775022
TRX-10112,,CLI-1020,calca alfaiataria preta,241.6284308679226,2,CALÇA ALFAIATARIA PRETA,483.2568617358452
TRX-10113,,CLI-1044,Vestido Midi Algodão Sustentável,311.1518420188481,3,VESTIDO MIDI ALGODÃO,933.4555260565442
TRX-10114,,CLI-1004,Blazer Vintage Marrom Sépia,372.20235040066575,2,BLAZER VINTAGE MARROM,744.4047008013315
TRX-10115,,CLI-1046,Tênis Vegano Casual Branco,273.93660050208314,1,TÊNIS VEGANO BRANCO,273.93660050208314
TRX-10116,,CLI-1037,Blazer Vintage Marrom Sépia,403.3785549694949,1,BLAZER VINTAGE MARROM,403.3785549694949
TRX-10117,,CLI-1049,Tênis Vegano Casual Branco,268.8030567028412,2,TÊNIS VEGANO BRANCO,537.6061134056824
TRX-10118,,CLI-1037,camisa linho bege MINI,173.153951225676,3,CAMISA LINHO BEGE,519.461853677028
TRX-10119,,CLI-1016,Tênis Vegano Casual Branco,274.72568588267563,3,TÊNIS VEGANO BRANCO,824.1770576480269
TRX-10121,,CLI-1038,CAMISA LINHO BEGE,200.98587663709748,1,CAMISA LINHO BEGE,200.98587663709748
TRX-10122,,CLI-1044,Blazer Vintage Marrom Sépia,383.1101011607639,1,BLAZER VINTAGE MARROM,383.1101011607639
TRX-10123,,CLI-1027,BLAZER SEPIA VINTAGE,392.7589210082004,2,BLAZER VINTAGE MARROM,785.5178420164008
TRX-10124,,CLI-1002,TENIS CASUAL VEGANO,285.8684120846425,1,TÊNIS VEGANO BRANCO,285.8684120846425
TRX-10125,,CLI-1024,tenis vegano branco,275.90891571488095,2,TÊNIS VEGANO BRANCO,551.8178314297619
TRX-10126,,CLI-1043,CALÇA ALFAIATARIA PRETA,247.35343326426224,3,CALÇA ALFAIATARIA PRETA,742.0602997927867
TRX-10127,,CLI-1015,Tênis Vegano Casual Branco,261.626396478023,1,TÊNIS VEGANO BRANCO,261.626396478023
TRX-10128,,CLI-1034,blazer vintage marrom,406.6646286111463,1,BLAZER VINTAGE MARROM,406.6646286111463
TRX-10129,,CLI-1048,VESTIDO SUSTENTAVEL MIDI,300.823913766806,1,VESTIDO MIDI ALGODÃO,300.823913766806
TRX-10130,2026-02-23,CLI-1002,TENIS CASUAL VEGANO,299.7332550011748,3,TÊNIS VEGANO BRANCO,899.1997650035245
TRX-10131,,CLI-1031,VESTIDO SUSTENTAVEL MIDI,316.5101736667642,1,VESTIDO MIDI ALGODÃO,316.5101736667642
TRX-10132,,CLI-1007,CALÇA ALFAIATARIA PRETA,248.1262701114285,1,CALÇA ALFAIATARIA PRETA,248.1262701114285
TRX-10133,,CLI-1049,Calça Alfaiataria Minimalista,248.4479361975993,1,CALÇA ALFAIATARIA PRETA,248.4479361975993
TRX-10134,,CLI-1026,calca alfaiataria preta,268.87579230664664,1,CALÇA ALFAIATARIA PRETA,268.87579230664664
TRX-10135,,CLI-1019,Camisa de Linho Orgânico - Bege,181.09054028675783,1,CAMISA LINHO BEGE,181.09054028675783
TRX-10136,,CLI-1005,Tênis Vegano Casual Branco,265.22740500895,3,TÊNIS VEGANO BRANCO,795.6822150268499
TRX-10137,,CLI-1009,calca alfaiataria preta,254.4366078374316,3,CALÇA ALFAIATARIA PRETA,763.3098235122948
TRX-10138,,CLI-1032,camisa linho bege MINI,191.9635149017628,2,CAMISA LINHO BEGE,383.9270298035256
TRX-10139,,CLI-1010,camisa linho bege MINI,209.39104517259776,1,CAMISA LINHO BEGE,209.39104517259776
TRX-10140,2026-02-28,CLI-1026,TENIS CASUAL VEGANO,275.6195779591544,1,TÊNIS VEGANO BRANCO,275.6195779591544
TRX-10141,,CLI-1000,Camisa de Linho Orgânico - Bege,188.6477263917988,1,CAMISA LINHO BEGE,188.6477263917988
TRX-10142,,CLI-1004,Vestido Midi Algodão Sustentável,314.48889505020213,3,VESTIDO MIDI ALGODÃO,943.4666851506064
TRX-10143,,CLI-1036,CALÇA ALFAIATARIA PRETA,266.4266300903057,2,CALÇA ALFAIATARIA PRETA,532.8532601806114
TRX-10144,,CLI-1020,Blazer Vintage Marrom Sépia,403.8858956270964,1,BLAZER VINTAGE MARROM,403.8858956270964
TRX-10145,,CLI-1012,tenis vegano branco,269.9576975804719,1,TÊNIS VEGANO BRANCO,269.9576975804719
TRX-10146,,CLI-1033,Camisa de Linho Orgânico - Bege,196.76802737623427,1,CAMISA LINHO BEGE,196.76802737623427
TRX-10147,,CLI-1002,vestido midi algodao,280.78738968121206,1,VESTIDO MIDI ALGODAO,280.78738968121206
TRX-10148,,CLI-1004,BLAZER SEPIA VINTAGE,402.55542940852246,1,BLAZER VINTAGE MARROM,402.55542940852246
TRX-10149,,CLI-1046,blazer vintage marrom,386.0393146484959,1,BLAZER VINTAGE MARROM,386.0393146484959
TRX-10150,2026-03-07,CLI-1010,calca alfaiataria preta,254.7123820541386,1,CALÇA ALFAIATARIA PRETA,254.7123820541386
TRX-10151,,CLI-1037,CALÇA ALFAIATARIA PRETA,254.5905484838917,1,CALÇA ALFAIATARIA PRETA,254.5905484838917
TRX-10152,,CLI-1033,camisa linho bege MINI,185.5897618039893,1,CAMISA LINHO BEGE,185.5897618039893
TRX-10153,,CLI-1029,CALÇA ALFAIATARIA PRETA,247.93641789664417,1,CALÇA ALFAIATARIA PRETA,247.93641789664417
TRX-10154,,CLI-1003,CAMISA LINHO BEGE,197.80567485973853,1,CAMISA LINHO BEGE,197.80567485973853
TRX-10155,,CLI-1023,Camisa de Linho Orgânico - Bege,189.58465172318157,1,CAMISA LINHO BEGE,189.58465172318157
TRX-10156,,CLI-1042,CALÇA ALFAIATARIA PRETA,249.6047237597148,1,CALÇA ALFAIATARIA PRETA,249.6047237597148
TRX-10157,,CLI-1015,blazer vintage marrom,372.93453312434656,1,BLAZER VINTAGE MARROM,372.93453312434656
TRX-10158,,CLI-1039,CALÇA ALFAIATARIA PRETA,257.8067029478773,1,CALÇA ALFAIATARIA PRETA,257.8067029478773
TRX-10159,,CLI-1026,VESTIDO SUSTENTAVEL MIDI,315.77153639624044,1,VESTIDO MIDI ALGODÃO,315.77153639624044
TRX-10160,2026-02-20,CLI-1018,camisa linho bege MINI,193.9774158216384,2,CAMISA LINHO BEGE,387.9548316432768
TRX-10161,,CLI-1021,camisa linho bege MINI,181.0436135612784,1,CAMISA LINHO BEGE,181.0436135612784
TRX-10162,,CLI-1025,Camisa de Linho Orgânico - Bege,191.2769401493009,2,CAMISA LINHO BEGE,382.5538802986018
TRX-10163,,CLI-1026,Camisa de Linho Orgânico - Bege,190.03669083419427,1,CAMISA LINHO BEGE,190.03669083419427
TRX-10164,,CLI-1046,VESTIDO SUSTENTAVEL MIDI,299.1458157622517,1,VESTIDO MIDI ALGODÃO,299.1458157622517
TRX-10165,,CLI-1016,blazer vintage marrom,406.7348960212725,1,BLAZER VINTAGE MARROM,406.7348960212725
TRX-10166,,CLI-1014,Camisa de Linho Orgânico - Bege,173.28068030722727,1,CAMISA LINHO BEGE,173.28068030722727
TRX-10167,,CLI-1027,vestido midi algodao,299.28091940764085,1,VESTIDO MIDI ALGODAO,299.28091940764085
TRX-10168,,CLI-1013,vestido midi algodao,308.7206424556585,1,VESTIDO MIDI ALGODAO,308.7206424556585
TRX-10169,,CLI-1022,CAMISA LINHO BEGE,198.4339834353821,1,CAMISA LINHO BEGE,198.4339834353821
TRX-10170,2026-01-18,CLI-1037,TENIS CASUAL VEGANO,261.11888610934375,1,TÊNIS VEGANO BRANCO,261.11888610934375
TRX-10171,,CLI-1036,TENIS CASUAL VEGANO,264.0947666612992,1,TÊNIS VEGANO BRANCO,264.0947666612992
TRX-10172,,CLI-1021,Vestido Midi Algodão Sustentável,292.78316662332713,1,VESTIDO MIDI ALGODÃO,292.78316662332713
TRX-10173,,CLI-1019,BLAZER SEPIA VINTAGE,379.2286564619921,1,BLAZER VINTAGE MARROM,379.2286564619921
TRX-10174,,CLI-1017,Blazer Vintage Marrom Sépia,401.4668495442935,1,BLAZER VINTAGE MARROM,401.4668495442935
TRX-10175,,CLI-1007,TENIS CASUAL VEGANO,289.3728990157965,1,TÊNIS VEGANO BRANCO,289.3728990157965
TRX-10176,,CLI-1036,BLAZER SEPIA VINTAGE,375.0032121118225,1,BLAZER VINTAGE MARROM,375.0032121118225
TRX-10177,,CLI-1044,Blazer Vintage Marrom Sépia,394.2022088917429,1,BLAZER VINTAGE MARROM,394.2022088917429
TRX-10178,,CLI-1020,VESTIDO SUSTENTAVEL MIDI,289.3890716694398,1,VESTIDO MIDI ALGODÃO,289.3890716694398
TRX-10179,,CLI-1010,Vestido Midi Algodão Sustentável,299.4123920323495,1,VESTIDO MIDI ALGODÃO,299.4123920323495
TRX-10180,2026-02-24,CLI-1008,tenis vegano branco,266.8349438117902,1,TÊNIS VEGANO BRANCO,266.8349438117902
TRX-10181,,CLI-1035,CAMISA LINHO BEGE,170.62969925713446,3,CAMISA LINHO BEGE,511.8890977714034
TRX-10182,,CLI-1010,CALÇA ALFAIATARIA PRETA,245.81422396182967,2,CALÇA ALFAIATARIA PRETA,491.62844792365934
TRX-10183,,CLI-1037,CALÇA ALFAIATARIA PRETA,268.9026865178057,1,CALÇA ALFAIATARIA PRETA,268.9026865178057
TRX-10184,,CLI-1007,VESTIDO SUSTENTAVEL MIDI,308.6382908334621,1,VESTIDO MIDI ALGODÃO,308.6382908334621
TRX-10185,,CLI-1025,Tênis Vegano Casual Branco,290.67971732767745,1,TÊNIS VEGANO BRANCO,290.67971732767745
TRX-10186,,CLI-1048,CAMISA LINHO BEGE,177.8802770935328,1,CAMISA LINHO BEGE,177.8802770935328
TRX-10187,,CLI-1037,Camisa de Linho Orgânico - Bege,194.3248016976653,1,CAMISA LINHO BEGE,194.3248016976653
TRX-10188,,CLI-1042,blazer vintage marrom,407.18057369027736,1,BLAZER VINTAGE MARROM,407.18057369027736
TRX-10189,,CLI-1004,CALÇA ALFAIATARIA PRETA,243.36417112775683,1,CALÇA ALFAIATARIA PRETA,243.36417112775683
TRX-10190,2026-02-09,CLI-1001,BLAZER SEPIA VINTAGE,377.9692184932094,1,BLAZER VINTAGE MARROM,377.9692184932094
TRX-10191,,CLI-1008,TENIS CASUAL VEGANO,287.16010888895715,1,TÊNIS VEGANO BRANCO,287.16010888895715
TRX-10192,,CLI-1029,vestido midi algodao,304.1440752422335,1,VESTIDO MIDI ALGODAO,304.1440752422335
TRX-10193,,CLI-1049,calca alfaiataria preta,263.12477631150915,1,CALÇA ALFAIATARIA PRETA,263.12477631150915
TRX-10194,,CLI-1011,vestido midi algodao,319.5371790582956,1,VESTIDO MIDI ALGODAO,319.5371790582956
TRX-10195,,CLI-1028,Camisa de Linho Orgânico - Bege,199.5448259716024,1,CAMISA LINHO BEGE,199.5448259716024
TRX-10196,,CLI-1029,VESTIDO SUSTENTAVEL MIDI,309.92007699061253,2,VESTIDO MIDI ALGODÃO,619.8401539812251
TRX-10197,,CLI-1025,calca alfaiataria preta,262.4829888092553,3,CALÇA ALFAIATARIA PRETA,787.4489664277659
TRX-10198,,CLI-1017,VESTIDO SUSTENTAVEL MIDI,314.9880216325243,2,VESTIDO MIDI ALGODÃO,629.9760432650486
TRX-10200,2026-01-25,CLI-1016,TENIS CASUAL VEGANO,280.00881560369913,2,TÊNIS VEGANO BRANCO,560.0176312073983
TRX-10201,,CLI-1039,Vestido Midi Algodão Sustentável,301.1742991875269,1,VESTIDO MIDI ALGODÃO,301.1742991875269
TRX-10202,,CLI-1002,Vestido Midi Algodão Sustentável,284.5759216283345,1,VESTIDO MIDI ALGODÃO,284.5759216283345
TRX-10203,,CLI-1014,vestido midi algodao,307.6487042961336,2,VESTIDO MIDI ALGODAO,615.2974085922672
TRX-10204,,CLI-1026,Camisa de Linho Orgânico - Bege,191.2384436790529,2,CAMISA LINHO BEGE,382.4768873581058
TRX-10205,,CLI-1026,CALÇA ALFAIATARIA PRETA,259.9961248015529,2,CALÇA ALFAIATARIA PRETA,519.9922496031058
TRX-10206,,CLI-1009,tenis vegano branco,268.0817837267785,1,TÊNIS VEGANO BRANCO,268.0817837267785
TRX-10207,,CLI-1012,Blazer Vintage Marrom Sépia,383.58326994863626,1,BLAZER VINTAGE MARROM,383.58326994863626
TRX-10208,,CLI-1014,Calça Alfaiataria Minimalista,248.18000877126715,2,CALÇA ALFAIATARIA PRETA,496.3600175425343
TRX-10209,,CLI-1011,calca alfaiataria preta,249.35429927982432,2,CALÇA ALFAIATARIA PRETA,498.70859855964864
TRX-10210,2026-04-25,CLI-1035,blazer vintage marrom,277.32034076109596,1,BLAZER VINTAGE MARROM,277.32034076109596
TRX-10211,,CLI-1010,blazer vintage marrom,393.86117459109306,3,BLAZER VINTAGE MARROM,1181.5835237732792
TRX-10212,,CLI-1022,vestido midi algodao,303.2356717906448,1,VESTIDO MIDI ALGODAO,303.2356717906448
TRX-10213,,CLI-1012,tenis vegano branco,284.49801052610616,1,TÊNIS VEGANO BRANCO,284.49801052610616
TRX-10214,,CLI-1039,camisa linho bege MINI,194.3581694173859,2,CAMISA LINHO BEGE,388.7163388347718
TRX-10215,,CLI-1003,BLAZER SEPIA VINTAGE,373.988506569008,2,BLAZER VINTAGE MARROM,747.977013138016
TRX-10216,,CLI-1048,calca alfaiataria preta,258.189545372536,1,CALÇA ALFAIATARIA PRETA,258.189545372536
TRX-10217,,CLI-1028,Blazer Vintage Marrom Sépia,372.6568615746887,1,BLAZER VINTAGE MARROM,372.6568615746887
TRX-10218,,CLI-1000,VESTIDO SUSTENTAVEL MIDI,316.922740516271,1,VESTIDO MIDI ALGODÃO,316.922740516271
TRX-10219,,CLI-1022,calca alfaiataria preta,236.5208204146916,3,CALÇA ALFAIATARIA PRETA,709.5624612440748
TRX-10220,2026-04-25,CLI-1039,TENIS CASUAL VEGANO,272.35777056182565,1,TÊNIS VEGANO BRANCO,272.35777056182565
TRX-10221,,CLI-1009,TENIS CASUAL VEGANO,262.09046555288126,2,TÊNIS VEGANO BRANCO,524.1809311057625
TRX-10222,,CLI-1024,calca alfaiataria preta,254.0488612692056,2,CALÇA ALFAIATARIA PRETA,508.0977225384112
TRX-10223,,CLI-1026,CALÇA ALFAIATARIA PRETA,243.7538397746385,2,CALÇA ALFAIATARIA PRETA,487.507679549277
TRX-10224,,CLI-1043,Camisa de Linho Orgânico - Bege,193.3827289654627,3,CAMISA LINHO BEGE,580.1481868963881
TRX-10225,,CLI-1005,CALÇA ALFAIATARIA PRETA,236.9554794602489,1,CALÇA ALFAIATARIA PRETA,236.9554794602489
TRX-10226,,CLI-1042,Camisa de Linho Orgânico - Bege,184.3957559646653,1,CAMISA LINHO BEGE,184.3957559646653
TRX-10227,,CLI-1006,BLAZER SEPIA VINTAGE,378.407231373649,3,BLAZER VINTAGE MARROM,1135.221694120947
TRX-10228,,CLI-1021,VESTIDO SUSTENTAVEL MIDI,285.8465091101245,1,VESTIDO MIDI ALGODÃO,285.8465091101245
TRX-10229,,CLI-1000,Tênis Vegano Casual Branco,267.2785148567542,1,TÊNIS VEGANO BRANCO,267.2785148567542
TRX-10230,2026-02-25,CLI-1018,tenis vegano branco,289.8984188159671,1,TÊNIS VEGANO BRANCO,289.8984188159671
TRX-10231,,CLI-1028,tenis vegano branco,267.52750882654664,1,TÊNIS VEGANO BRANCO,267.52750882654664
TRX-10232,,CLI-1013,vestido midi algodao,303.3981441693629,2,VESTIDO MIDI ALGODAO,606.7962883387258
TRX-10233,,CLI-1048,camisa linho bege MINI,190.8756107731032,1,CAMISA LINHO BEGE,190.8756107731032
TRX-10234,,CLI-1000,CALÇA ALFAIATARIA PRETA,260.5142512426496,1,CALÇA ALFAIATARIA PRETA,260.5142512426496
TRX-10235,,CLI-1009,Vestido Midi Algodão Sustentável,317.7446184853453,1,VESTIDO MIDI ALGODÃO,317.7446184853453
TRX-10236,,CLI-1022,tenis vegano branco,280.9631386663717,3,TÊNIS VEGANO BRANCO,842.8894159991152
TRX-10237,,CLI-1000,camisa linho bege MINI,204.5797504004609,1,CAMISA LINHO BEGE,204.5797504004609
TRX-10238,,CLI-1007,CAMISA LINHO BEGE,179.14299186352287,1,CAMISA LINHO BEGE,179.14299186352287
TRX-10239,,CLI-1032,TENIS CASUAL VEGANO,282.67774071054,1,TÊNIS VEGANO BRANCO,282.67774071054
TRX-10240,2026-04-06,CLI-1023,vestido midi algodao,283.8776557103738,2,VESTIDO MIDI ALGODAO,567.7553114207476
TRX-10241,,CLI-1003,vestido midi algodao,312.1740059585034,3,VESTIDO MIDI ALGODAO,936.5220178755103
TRX-10242,,CLI-1047,CALÇA ALFAIATARIA PRETA,238.09937181663284,1,CALÇA ALFAIATARIA PRETA,238.09937181663284
TRX-10243,,CLI-1020,Blazer Vintage Marrom Sépia,373.3203412341787,1,BLAZER VINTAGE MARROM,373.3203412341787
TRX-10244,,CLI-1017,Tênis Vegano Casual Branco,294.95776303501174,2,TÊNIS VEGANO BRANCO,589.9155260700235
TRX-10245,,CLI-1041,TENIS CASUAL VEGANO,284.89045084173,2,TÊNIS VEGANO BRANCO,569.78090168346
TRX-10246,,CLI-1019,CAMISA LINHO BEGE,193.51179770059235,1,CAMISA LINHO BEGE,193.51179770059235
TRX-10247,,CLI-1033,CALÇA ALFAIATARIA PRETA,260.85338092805364,2,CALÇA ALFAIATARIA PRETA,521.7067618561073
TRX-10248,,CLI-1043,CAMISA LINHO BEGE,207.83813227848628,1,CAMISA LINHO BEGE,207.83813227848628
TRX-10249,,CLI-1045,Blazer Vintage Marrom Sépia,392.5310647986624,1,BLAZER VINTAGE MARROM,392.5310647986624
TRX-10250,2026-03-22,CLI-1013,Camisa de Linho Orgânico - Bege,189.29113468601383,2,CAMISA LINHO BEGE,378.58226937202767
TRX-10251,,CLI-1008,camisa linho bege MINI,195.2391287930459,1,CAMISA LINHO BEGE,195.2391287930459
TRX-10252,,CLI-1028,blazer vintage marrom,386.7681573821312,1,BLAZER VINTAGE MARROM,386.7681573821312
TRX-10253,,CLI-1017,Vestido Midi Algodão Sustentável,307.22735425781923,1,VESTIDO MIDI ALGODÃO,307.22735425781923
TRX-10254,,CLI-1033,Blazer Vintage Marrom Sépia,392.9606590205701,1,BLAZER VINTAGE MARROM,392.9606590205701
TRX-10255,,CLI-1022,VESTIDO SUSTENTAVEL MIDI,299.7985957591956,1,VESTIDO MIDI ALGODÃO,299.7985957591956
TRX-10256,,CLI-1030,CALÇA ALFAIATARIA PRETA,235.3754252027523,2,CALÇA ALFAIATARIA PRETA,470.7508504055046
TRX-10257,,CLI-1006,vestido midi algodao,289.9292264224639,1,VESTIDO MIDI ALGODAO,289.9292264224639
TRX-10258,,CLI-1045,Camisa de Linho Orgânico - Bege,186.6508209956829,1,CAMISA LINHO BEGE,186.6508209956829
TRX-10259,,CLI-1035,BLAZER SEPIA VINTAGE,408.2450870925288,2,BLAZER VINTAGE MARROM,816.4901741850576
TRX-10260,2026-02-09,CLI-1010,Tênis Vegano Casual Branco,275.47182456167906,1,TÊNIS VEGANO BRANCO,275.47182456167906
TRX-10261,,CLI-1034,Camisa de Linho Orgânico - Bege,198.76131444487623,3,CAMISA LINHO BEGE,596.2839433346287
TRX-10262,,CLI-1021,Vestido Midi Algodão Sustentável,306.4468466145059,2,VESTIDO MIDI ALGODÃO,612.8936932290118
TRX-10263,,CLI-1019,Camisa de Linho Orgânico - Bege,180.6964488956878,1,CAMISA LINHO BEGE,180.6964488956878
TRX-10264,,CLI-1044,Calça Alfaiataria Minimalista,231.95703253937,1,CALÇA ALFAIATARIA PRETA,231.95703253937
TRX-10265,,CLI-1008,VESTIDO SUSTENTAVEL MIDI,310.73648814983284,1,VESTIDO MIDI ALGODÃO,310.73648814983284
TRX-10266,,CLI-1042,Camisa de Linho Orgânico - Bege,186.4117420242701,1,CAMISA LINHO BEGE,186.4117420242701
TRX-10267,,CLI-1049,VESTIDO SUSTENTAVEL MIDI,289.75608132956427,2,VESTIDO MIDI ALGODÃO,579.5121626591285
TRX-10268,,CLI-1033,BLAZER SEPIA VINTAGE,408.6079755282834,1,BLAZER VINTAGE MARROM,408.6079755282834
TRX-10269,,CLI-1016,calca alfaiataria preta,233.56328293306535,3,CALÇA ALFAIATARIA PRETA,700.689848799196
TRX-10270,2026-01-12,CLI-1015,Vestido Midi Algodão Sustentável,300.7520266965428,2,VESTIDO MIDI ALGODÃO,601.5040533930857
TRX-10271,,CLI-1022,vestido midi algodao,305.45797541337043,2,VESTIDO MIDI ALGODAO,610.9159508267409
TRX-10272,,CLI-1024,CALÇA ALFAIATARIA PRETA,269.12307200719954,1,CALÇA ALFAIATARIA PRETA,269.12307200719954
TRX-10273,,CLI-1025,blazer vintage marrom,409.4067203198658,1,BLAZER VINTAGE MARROM,409.4067203198658
TRX-10274,,CLI-1022,Blazer Vintage Marrom Sépia,393.4305502787972,1,BLAZER VINTAGE MARROM,393.4305502787972
TRX-10275,,CLI-1014,CALÇA ALFAIATARIA PRETA,266.5195319035217,1,CALÇA ALFAIATARIA PRETA,266.5195319035217
TRX-10276,,CLI-1049,VESTIDO SUSTENTAVEL MIDI,287.6039611114252,1,VESTIDO MIDI ALGODÃO,287.6039611114252
TRX-10277,,CLI-1038,Tênis Vegano Casual Branco,278.86856866629853,1,TÊNIS VEGANO BRANCO,278.86856866629853
TRX-10278,,CLI-1013,blazer vintage marrom,403.0566189660271,1,BLAZER VINTAGE MARROM,403.0566189660271
TRX-10279,,CLI-1033,CAMISA LINHO BEGE,192.32708776014056,2,CAMISA LINHO BEGE,384.6541755202811
TRX-10280,2026-02-24,CLI-1022,blazer vintage marrom,383.4949985507226,1,BLAZER VINTAGE MARROM,383.4949985507226
TRX-10281,,CLI-1028,TENIS CASUAL VEGANO,292.0590791760359,1,TÊNIS VEGANO BRANCO,292.0590791760359
TRX-10282,,CLI-1044,Tênis Vegano Casual Branco,284.93565505748035,1,TÊNIS VEGANO BRANCO,284.93565505748035
TRX-10283,,CLI-1041,tenis vegano branco,276.60024336111564,3,TÊNIS VEGANO BRANCO,829.8007300833469
TRX-10284,,CLI-1017,blazer vintage marrom,404.888066907368,3,BLAZER VINTAGE MARROM,1214.664200722104
TRX-10285,,CLI-1028,CAMISA LINHO BEGE,172.70118822989883,2,CAMISA LINHO BEGE,345.40237645979767
TRX-10286,,CLI-1015,Tênis Vegano Casual Branco,261.4038709282504,2,TÊNIS VEGANO BRANCO,522.8077418565008
TRX-10287,,CLI-1024,TENIS CASUAL VEGANO,275.8314953590254,1,TÊNIS VEGANO BRANCO,275.8314953590254
TRX-10288,,CLI-1048,Calça Alfaiataria Minimalista,259.4032920635557,1,CALÇA ALFAIATARIA PRETA,259.4032920635557
TRX-10289,,CLI-1003,tenis vegano branco,271.7801150581953,2,TÊNIS VEGANO BRANCO,543.5602301163906
TRX-10290,2026-03-06,CLI-1045,calca alfaiataria preta,231.58372758545448,1,CALÇA ALFAIATARIA PRETA,231.58372758545448
TRX-10291,,CLI-1003,TENIS CASUAL VEGANO,275.27306588638726,1,TÊNIS VEGANO BRANCO,275.27306588638726
TRX-10292,,CLI-1042,Blazer Vintage Marrom Sépia,401.8195728857353,1,BLAZER VINTAGE MARROM,401.8195728857353
TRX-10293,,CLI-1023,Vestido Midi Algodão Sustentável,315.06473230248656,1,VESTIDO MIDI ALGODÃO,315.06473230248656
TRX-10294,,CLI-1003,Tênis Vegano Casual Branco,299.46739639253434,1,TÊNIS VEGANO BRANCO,299.46739639253434
TRX-10295,,CLI-1044,Calça Alfaiataria Minimalista,263.41302941132983,1,CALÇA ALFAIATARIA PRETA,263.41302941132983
TRX-10296,,CLI-1040,blazer vintage marrom,376.9611212802203,1,BLAZER VINTAGE MARROM,376.9611212802203
TRX-10297,,CLI-1004,CAMISA LINHO BEGE,202.94822783175863,1,CAMISA LINHO BEGE,202.94822783175863
TRX-10298,,CLI-1019,Vestido Midi Algodão Sustentável,315.251435398537,3,VESTIDO MIDI ALGODÃO,945.754306195611
TRX-10299,,CLI-1049,Tênis Vegano Casual Branco,270.30933471806105,1,TÊNIS VEGANO BRANCO,270.30933471806105
TRX-10300,2026-02-01,CLI-1034,Camisa de Linho Orgânico - Bege,176.0558362535942,1,CAMISA LINHO BEGE,176.0558362535942
TRX-10301,,CLI-1008,vestido midi algodao,309.8148641636891,2,VESTIDO MIDI ALGODAO,619.6297283273782
TRX-10302,,CLI-1002,calca alfaiataria preta,233.5594734959102,1,CALÇA ALFAIATARIA PRETA,233.5594734959102
TRX-10303,,CLI-1033,Tênis Vegano Casual Branco,295.4499231947591,2,TÊNIS VEGANO BRANCO,590.8998463895182
TRX-10304,,CLI-1004,VESTIDO SUSTENTAVEL MIDI,293.0620546147948,2,VESTIDO MIDI ALGODÃO,586.1241092295896
TRX-10305,,CLI-1037,camisa linho bege MINI,186.238128522828,1,CAMISA LINHO BEGE,186.238128522828
TRX-10306,,CLI-1005,calca alfaiataria preta,231.85134326692693,3,CALÇA ALFAIATARIA PRETA,695.5540298007808
TRX-10307,,CLI-1016,Tênis Vegano Casual Branco,295.6791972387227,1,TÊNIS VEGANO BRANCO,295.6791972387227
TRX-10308,,CLI-1002,Tênis Vegano Casual Branco,279.1234630930659,1,TÊNIS VEGANO BRANCO,279.1234630930659
TRX-10309,,CLI-1044,camisa linho bege MINI,191.651156319896,2,CAMISA LINHO BEGE,383.302312639792
TRX-10310,2026-02-09,CLI-1027,vestido midi algodao,311.7970408642771,2,VESTIDO MIDI ALGODAO,623.5940817285542
TRX-10311,,CLI-1042,blazer vintage marrom,376.31600421320286,1,BLAZER VINTAGE MARROM,376.31600421320286
TRX-10312,,CLI-1026,calca alfaiataria preta,257.105630870412,2,CALÇA ALFAIATARIA PRETA,514.211261740824
TRX-10313,,CLI-1030,Vestido Midi Algodão Sustentável,315.165485310814,2,VESTIDO MIDI ALGODÃO,630.330970621628
TRX-10314,,CLI-1029,Blazer Vintage Marrom Sépia,402.697876696324,3,BLAZER VINTAGE MARROM,1208.093630088972
TRX-10315,,CLI-1012,camisa linho bege MINI,202.6186809647625,1,CAMISA LINHO BEGE,202.6186809647625
TRX-10316,,CLI-1045,Vestido Midi Algodão Sustentável,287.6253145834917,1,VESTIDO MIDI ALGODÃO,287.6253145834917
TRX-10317,,CLI-1033,VESTIDO SUSTENTAVEL MIDI,305.1725410806667,1,VESTIDO MIDI ALGODÃO,305.1725410806667
TRX-10318,,CLI-1005,vestido midi algodao,312.64717681999366,1,VESTIDO MIDI ALGODAO,312.64717681999366
TRX-10319,,CLI-1033,Vestido Midi Algodão Sustentável,301.5506631470444,1,VESTIDO MIDI ALGODÃO,301.5506631470444
TRX-10320,2026-02-06,CLI-1028,BLAZER SEPIA VINTAGE,377.0798929369533,2,BLAZER VINTAGE MARROM,754.1597858739066
TRX-10321,,CLI-1003,Calça Alfaiataria Minimalista,257.41542889203254,1,CALÇA ALFAIATARIA PRETA,257.41542889203254
TRX-10322,,CLI-1009,Camisa de Linho Orgânico - Bege,200.73937170128545,1,CAMISA LINHO BEGE,200.73937170128545
TRX-10323,,CLI-1049,CALÇA ALFAIATARIA PRETA,254.7366207106991,3,CALÇA ALFAIATARIA PRETA,764.2098621320973
TRX-10324,,CLI-1034,TENIS CASUAL VEGANO,298.65511421142764,1,TÊNIS VEGANO BRANCO,298.65511421142764
TRX-10325,,CLI-1032,BLAZER SEPIA VINTAGE,370.883476658352,1,BLAZER VINTAGE MARROM,370.883476658352
TRX-10326,,CLI-1022,TENIS CASUAL VEGANO,292.65142573428375,1,TÊNIS VEGANO BRANCO,292.65142573428375
TRX-10327,,CLI-1016,tenis vegano branco,278.64157667074335,1,TÊNIS VEGANO BRANCO,278.64157667074335
TRX-10328,,CLI-1028,VESTIDO SUSTENTAVEL MIDI,286.44495284766674,1,VESTIDO MIDI ALGODÃO,286.44495284766674
TRX-10329,,CLI-1013,Calça Alfaiataria Minimalista,263.49788658689886,1,CALÇA ALFAIATARIA PRETA,263.49788658689886
TRX-10330,2026-03-22,CLI-1043,blazer vintage marrom,380.8303810799284,1,BLAZER VINTAGE MARROM,380.8303810799284
TRX-10331,,CLI-1036,Tênis Vegano Casual Branco,297.64463680670394,1,TÊNIS VEGANO BRANCO,297.64463680670394
TRX-10332,,CLI-1002,CALÇA ALFAIATARIA PRETA,260.3037631375239,1,CALÇA ALFAIATARIA PRETA,260.3037631375239
TRX-10333,,CLI-1033,Blazer Vintage Marrom Sépia,405.66396814716535,1,BLAZER VINTAGE MARROM,405.66396814716535
TRX-10334,,CLI-1017,Camisa de Linho Orgânico - Bege,195.9666730150354,2,CAMISA LINHO BEGE,391.9333460300708
TRX-10335,,CLI-1024,blazer vintage marrom,408.6277371165888,2,BLAZER VINTAGE MARROM,817.2554742331776
TRX-10336,,CLI-1045,calca alfaiataria preta,236.0463215264445,1,CALÇA ALFAIATARIA PRETA,236.0463215264445
TRX-10337,,CLI-1043,Vestido Midi Algodão Sustentável,304.94881286525657,1,VESTIDO MIDI ALGODÃO,304.94881286525657
TRX-10338,,CLI-1045,BLAZER SEPIA VINTAGE,408.6004505445511,1,BLAZER VINTAGE MARROM,408.6004505445511
TRX-10339,,CLI-1043,tenis vegano branco,264.5923275584957,1,TÊNIS VEGANO BRANCO,264.5923275584957
TRX-10340,2026-03-01,CLI-1021,VESTIDO SUSTENTAVEL MIDI,287.92098906801345,1,VESTIDO MIDI ALGODÃO,287.92098906801345
TRX-10341,,CLI-1010,calca alfaiataria preta,253.5105575554249,3,CALÇA ALFAIATARIA PRETA,760.5316726662747
TRX-10342,,CLI-1029,Camisa de Linho Orgânico - Bege,170.36482159632402,1,CAMISA LINHO BEGE,170.36482159632402
TRX-10343,,CLI-1031,tenis vegano branco,298.8879940748276,1,TÊNIS VEGANO BRANCO,298.8879940748276
TRX-10344,,CLI-1040,VESTIDO SUSTENTAVEL MIDI,314.30489588756814,1,VESTIDO MIDI ALGODÃO,314.30489588756814
TRX-10346,,CLI-1021,tenis vegano branco,265.5998217160605,1,TÊNIS VEGANO BRANCO,265.5998217160605
TRX-10347,,CLI-1049,Camisa de Linho Orgânico - Bege,192.28594733947656,1,CAMISA LINHO BEGE,192.28594733947656
TRX-10348,,CLI-1012,camisa linho bege MINI,191.2696882390578,1,CAMISA LINHO BEGE,191.2696882390578
TRX-10349,,CLI-1038,Tênis Vegano Casual Branco,263.04313988620083,1,TÊNIS VEGANO BRANCO,263.04313988620083
TRX-10350,2026-04-24,CLI-1014,Vestido Midi Algodão Sustentável,287.93436359449174,1,VESTIDO MIDI ALGODÃO,287.93436359449174
TRX-10351,,CLI-1010,Vestido Midi Algodão Sustentável,306.7154183341765,1,VESTIDO MIDI ALGODÃO,306.7154183341765
TRX-10352,,CLI-1008,blazer vintage marrom,371.1634457930256,1,BLAZER VINTAGE MARROM,371.1634457930256
TRX-10353,,CLI-1007,VESTIDO SUSTENTAVEL MIDI,308.26242077803664,2,VESTIDO MIDI ALGODÃO,616.5248415560733
TRX-10354,,CLI-1006,tenis vegano branco,291.2369090376646,1,TÊNIS VEGANO BRANCO,291.2369090376646
TRX-10355,,CLI-1025,Calça Alfaiataria Minimalista,253.7990345052772,1,CALÇA ALFAIATARIA PRETA,253.7990345052772
TRX-10356,,CLI-1013,TENIS CASUAL VEGANO,280.95610643744453,1,TÊNIS VEGANO BRANCO,280.95610643744453
TRX-10357,,CLI-1012,CALÇA ALFAIATARIA PRETA,253.63114593240715,1,CALÇA ALFAIATARIA PRETA,253.63114593240715
TRX-10358,,CLI-1045,CAMISA LINHO BEGE,178.66855949432178,1,CAMISA LINHO BEGE,178.66855949432178
TRX-10359,,CLI-1031,vestido midi algodao,314.7733111589248,1,VESTIDO MIDI ALGODAO,314.7733111589248
TRX-10360,2026-03-24,CLI-1021,camisa linho bege MINI,170.73444557166152,1,CAMISA LINHO BEGE,170.73444557166152
TRX-10361,,CLI-1027,vestido midi algodao,318.8917264858713,1,VESTIDO MIDI ALGODAO,318.8917264858713
TRX-10362,,CLI-1014,CAMISA LINHO BEGE,178.72244499689293,1,CAMISA LINHO BEGE,178.72244499689293
TRX-10363,,CLI-1030,BLAZER SEPIA VINTAGE,376.8677334631301,1,BLAZER VINTAGE MARROM,376.8677334631301
TRX-10364,,CLI-1027,vestido midi algodao,296.91973337792297,1,VESTIDO MIDI ALGODAO,296.91973337792297
TRX-10365,,CLI-1048,Calça Alfaiataria Minimalista,250.0937952757207,1,CALÇA ALFAIATARIA PRETA,250.0937952757207
TRX-10366,,CLI-1033,VESTIDO SUSTENTAVEL MIDI,297.4446167675836,1,VESTIDO MIDI ALGODÃO,297.4446167675836
TRX-10367,,CLI-1005,camisa linho bege MINI,193.80894261023457,1,CAMISA LINHO BEGE,193.80894261023457
TRX-10368,,CLI-1011,CAMISA LINHO BEGE,193.5940131437345,1,CAMISA LINHO BEGE,193.5940131437345
TRX-10369,,CLI-1032,camisa linho bege MINI,195.16240880370083,1,CAMISA LINHO BEGE,195.16240880370083
TRX-10370,2026-04-04,CLI-1022,vestido midi algodao,296.1124073234297,1,VESTIDO MIDI ALGODAO,296.1124073234297
TRX-10371,,CLI-1036,tenis vegano branco,298.7558037616656,2,TÊNIS VEGANO BRANCO,597.5116075233312
TRX-10372,,CLI-1046,Tênis Vegano Casual Branco,277.38661555267305,1,TÊNIS VEGANO BRANCO,277.38661555267305
TRX-10373,,CLI-1038,Vestido Midi Algodão Sustentável,294.2693347759906,1,VESTIDO MIDI ALGODÃO,294.2693347759906
TRX-10374,,CLI-1001,blazer vintage marrom,382.3859222678578,2,BLAZER VINTAGE MARROM,764.7718445357156
TRX-10375,,CLI-1011,calca alfaiataria preta,242.9076025689878,1,CALÇA ALFAIATARIA PRETA,242.9076025689878
TRX-10376,,CLI-1010,Tênis Vegano Casual Branco,269.3811142843334,2,TÊNIS VEGANO BRANCO,538.7622285686668
TRX-10377,,CLI-1028,CALÇA ALFAIATARIA PRETA,236.6903162035016,1,CALÇA ALFAIATARIA PRETA,236.6903162035016
TRX-10378,,CLI-1019,tenis vegano branco,265.73026272979007,1,TÊNIS VEGANO BRANCO,265.73026272979007
TRX-10379,,CLI-1019,BLAZER SEPIA VINTAGE,398.1710886754178,1,BLAZER VINTAGE MARROM,398.1710886754178
TRX-10380,2026-04-11,CLI-1011,blazer vintage marrom,399.3560806026256,1,BLAZER VINTAGE MARROM,399.3560806026256
TRX-10381,,CLI-1027,Camisa de Linho Orgânico - Bege,198.11542376448816,2,CAMISA LINHO BEGE,396.2308475289763
TRX-10382,,CLI-1019,CALÇA ALFAIATARIA PRETA,238.13364840147077,1,CALÇA ALFAIATARIA PRETA,238.13364840147077
TRX-10383,,CLI-1019,camisa linho bege MINI,174.81883234118507,1,CAMISA LINHO BEGE,174.81883234118507
TRX-10384,,CLI-1036,Camisa de Linho Orgânico - Bege,174.7843965604011,3,CAMISA LINHO BEGE,524.3531896812033
TRX-10385,,CLI-1013,calca alfaiataria preta,234.03235828496065,1,CALÇA ALFAIATARIA PRETA,234.03235828496065
TRX-10386,,CLI-1042,Calça Alfaiataria Minimalista,269.36520491835387,1,CALÇA ALFAIATARIA PRETA,269.36520491835387
TRX-10387,,CLI-1038,VESTIDO SUSTENTAVEL MIDI,305.46479751262,1,VESTIDO MIDI ALGODÃO,305.46479751262
TRX-10388,,CLI-1043,TENIS CASUAL VEGANO,280.7692018654485,1,TÊNIS VEGANO BRANCO,280.7692018654485
TRX-10389,,CLI-1015,Vestido Midi Algodão Sustentável,281.0989435949071,3,VESTIDO MIDI ALGODÃO,843.2968307847214
TRX-10390,2026-04-24,CLI-1020,BLAZER SEPIA VINTAGE,396.8372973329967,1,BLAZER VINTAGE MARROM,396.8372973329967
TRX-10391,,CLI-1004,vestido midi algodao,286.1465537916869,3,VESTIDO MIDI ALGODAO,858.4396613750607
TRX-10392,,CLI-1025,TENIS CASUAL VEGANO,287.60503808904656,1,TÊNIS VEGANO BRANCO,287.60503808904656
TRX-10393,,CLI-1025,tenis vegano branco,279.7869905603371,2,TÊNIS VEGANO BRANCO,559.5739811206741
TRX-10394,,CLI-1007,vestido midi algodao,310.64077458095164,2,VESTIDO MIDI ALGODAO,621.2815491619033
TRX-10395,,CLI-1030,Calça Alfaiataria Minimalista,256.96053543108985,1,CALÇA ALFAIATARIA PRETA,256.96053543108985
TRX-10396,,CLI-1025,calca alfaiataria preta,256.5788606796363,1,CALÇA ALFAIATARIA PRETA,256.5788606796363
TRX-10397,,CLI-1008,camisa linho bege MINI,209.87654903082665,2,CAMISA LINHO BEGE,419.7530980616533
TRX-10398,,CLI-1012,VESTIDO SUSTENTAVEL MIDI,314.7301380134903,1,VESTIDO MIDI ALGODÃO,314.7301380134903
TRX-10399,,CLI-1045,blazer vintage marrom,405.04062245205387,3,BLAZER VINTAGE MARROM,1215.1218673561616
TRX-10400,2026-03-23,CLI-1012,CAMISA LINHO BEGE,202.2138376776504,2,CAMISA LINHO BEGE,404.4276753553008
TRX-10401,,CLI-1023,CAMISA LINHO BEGE,204.65602502162284,1,CAMISA LINHO BEGE,204.65602502162284
TRX-10402,,CLI-1000,Vestido Midi Algodão Sustentável,280.1303464199248,1,VESTIDO MIDI ALGODÃO,280.1303464199248
TRX-10403,,CLI-1028,Vestido Midi Algodão Sustentável,302.4375570939383,1,VESTIDO MIDI ALGODÃO,302.4375570939383
TRX-10404,,CLI-1043,Camisa de Linho Orgânico - Bege,191.72747553981893,1,CAMISA LINHO BEGE,191.72747553981893
TRX-10405,,CLI-1013,blazer vintage marrom,394.0379437352551,1,BLAZER VINTAGE MARROM,394.0379437352551
TRX-10406,,CLI-1025,tenis vegano branco,279.9178123652296,3,TÊNIS VEGANO BRANCO,839.7534370956889
TRX-10407,,CLI-1028,camisa linho bege MINI,189.06727510518925,1,CAMISA LINHO BEGE,189.06727510518925
TRX-10408,,CLI-1036,BLAZER SEPIA VINTAGE,375.85967423880777,1,BLAZER VINTAGE MARROM,375.85967423880777
TRX-10409,,CLI-1022,Calça Alfaiataria Minimalista,254.2162037117378,2,CALÇA ALFAIATARIA PRETA,508.4324074234756
TRX-10410,2026-02-12,CLI-1044,camisa linho bege MINI,198.51963628397095,2,CAMISA LINHO BEGE,397.0392725679419
TRX-10411,,CLI-1014,blazer vintage marrom,370.2025149991256,1,BLAZER VINTAGE MARROM,370.2025149991256
TRX-10412,,CLI-1020,blazer vintage marrom,385.1029803574882,1,BLAZER VINTAGE MARROM,385.1029803574882
TRX-10413,,CLI-1047,CAMISA LINHO BEGE,173.95683313796866,1,CAMISA LINHO BEGE,173.95683313796866
TRX-10414,,CLI-1027,tenis vegano branco,272.19159859705144,1,TÊNIS VEGANO BRANCO,272.19159859705144
TRX-10415,,CLI-1001,Blazer Vintage Marrom Sépia,277.32034076109596,1,BLAZER VINTAGE MARROM,277.32034076109596
TRX-10416,,CLI-1010,Calça Alfaiataria Minimalista,262.82696062382644,1,CALÇA ALFAIATARIA PRETA,262.82696062382644
TRX-10417,,CLI-1030,BLAZER SEPIA VINTAGE,377.157533907825,2,BLAZER VINTAGE MARROM,754.31506781565
TRX-10418,,CLI-1041,vestido midi algodao,311.6362903259135,3,VESTIDO MIDI ALGODAO,934.9088709777404
TRX-10419,,CLI-1000,Calça Alfaiataria Minimalista,249.24182586879695,1,CALÇA ALFAIATARIA PRETA,249.24182586879695
TRX-10420,2026-01-13,CLI-1021,Tênis Vegano Casual Branco,285.22605502376086,2,TÊNIS VEGANO BRANCO,570.4521100475217
TRX-10421,,CLI-1008,CALÇA ALFAIATARIA PRETA,253.6415427649259,1,CALÇA ALFAIATARIA PRETA,253.6415427649259
TRX-10422,,CLI-1007,vestido midi algodao,296.34113879226817,2,VESTIDO MIDI ALGODAO,592.6822775845363
TRX-10423,,CLI-1003,Camisa de Linho Orgânico - Bege,179.3748223589793,1,CAMISA LINHO BEGE,179.3748223589793
TRX-10424,,CLI-1009,CAMISA LINHO BEGE,203.9469704341108,2,CAMISA LINHO BEGE,407.8939408682216
TRX-10425,,CLI-1049,CAMISA LINHO BEGE,194.85437298706293,1,CAMISA LINHO BEGE,194.85437298706293
TRX-10426,,CLI-1032,Camisa de Linho Orgânico - Bege,199.3749497977673,1,CAMISA LINHO BEGE,199.3749497977673
TRX-10427,,CLI-1014,Camisa de Linho Orgânico - Bege,177.03783860911088,1,CAMISA LINHO BEGE,177.03783860911088
TRX-10428,,CLI-1008,Vestido Midi Algodão Sustentável,301.7678965085628,1,VESTIDO MIDI ALGODÃO,301.7678965085628
TRX-10429,,CLI-1001,Tênis Vegano Casual Branco,262.23818456434213,1,TÊNIS VEGANO BRANCO,262.23818456434213
TRX-10430,2026-03-08,CLI-1041,Vestido Midi Algodão Sustentável,307.7057821619037,1,VESTIDO MIDI ALGODÃO,307.7057821619037
TRX-10431,,CLI-1038,Vestido Midi Algodão Sustentável,308.8806740559447,1,VESTIDO MIDI ALGODÃO,308.8806740559447
TRX-10432,,CLI-1037,tenis vegano branco,264.06438597536663,1,TÊNIS VEGANO BRANCO,264.06438597536663
TRX-10433,,CLI-1039,Vestido Midi Algodão Sustentável,310.80490909797527,1,VESTIDO MIDI ALGODÃO,310.80490909797527
TRX-10434,,CLI-1032,Calça Alfaiataria Minimalista,237.5746929887497,1,CALÇA ALFAIATARIA PRETA,237.5746929887497
TRX-10435,,CLI-1048,VESTIDO SUSTENTAVEL MIDI,304.58623133582586,2,VESTIDO MIDI ALGODÃO,609.1724626716517
TRX-10436,,CLI-1031,BLAZER SEPIA VINTAGE,401.9142603128944,1,BLAZER VINTAGE MARROM,401.9142603128944
TRX-10437,,CLI-1043,CALÇA ALFAIATARIA PRETA,253.6124796661369,1,CALÇA ALFAIATARIA PRETA,253.6124796661369
TRX-10438,,CLI-1022,CAMISA LINHO BEGE,177.5129945127627,1,CAMISA LINHO BEGE,177.5129945127627
TRX-10439,,CLI-1022,CALÇA ALFAIATARIA PRETA,252.211336694801,1,CALÇA ALFAIATARIA PRETA,252.211336694801
TRX-10440,2026-02-27,CLI-1035,vestido midi algodao,303.119000268667,3,VESTIDO MIDI ALGODAO,909.357000806001
TRX-10441,,CLI-1015,Tênis Vegano Casual Branco,287.5001956328266,1,TÊNIS VEGANO BRANCO,287.5001956328266
TRX-10442,,CLI-1011,tenis vegano branco,277.9148374503273,1,TÊNIS VEGANO BRANCO,277.9148374503273
TRX-10443,,CLI-1015,BLAZER SEPIA VINTAGE,409.14945497377215,1,BLAZER VINTAGE MARROM,409.14945497377215
TRX-10445,,CLI-1020,vestido midi algodao,301.4982852112224,1,VESTIDO MIDI ALGODAO,301.4982852112224
TRX-10446,,CLI-1031,CALÇA ALFAIATARIA PRETA,233.46497728464067,1,CALÇA ALFAIATARIA PRETA,233.46497728464067
TRX-10447,,CLI-1013,BLAZER SEPIA VINTAGE,401.1811235068154,1,BLAZER VINTAGE MARROM,401.1811235068154
TRX-10448,,CLI-1040,Vestido Midi Algodão Sustentável,290.42450279643367,1,VESTIDO MIDI ALGODÃO,290.42450279643367
TRX-10449,,CLI-1010,blazer vintage marrom,379.4622132878906,2,BLAZER VINTAGE MARROM,758.9244265757812
TRX-10450,2026-03-09,CLI-1017,tenis vegano branco,277.7881016201934,1,TÊNIS VEGANO BRANCO,277.7881016201934
TRX-10451,,CLI-1021,CAMISA LINHO BEGE,201.3510382702838,1,CAMISA LINHO BEGE,201.3510382702838
TRX-10452,,CLI-1048,Calça Alfaiataria Minimalista,238.24042057429344,1,CALÇA ALFAIATARIA PRETA,238.24042057429344
TRX-10453,,CLI-1023,camisa linho bege MINI,195.01800211090543,1,CAMISA LINHO BEGE,195.01800211090543
TRX-10454,,CLI-1006,tenis vegano branco,292.13701600470483,1,TÊNIS VEGANO BRANCO,292.13701600470483
TRX-10455,,CLI-1001,VESTIDO SUSTENTAVEL MIDI,292.8011191138566,1,VESTIDO MIDI ALGODÃO,292.8011191138566
TRX-10456,,CLI-1017,CAMISA LINHO BEGE,183.74398906151143,1,CAMISA LINHO BEGE,183.74398906151143
TRX-10457,,CLI-1032,VESTIDO SUSTENTAVEL MIDI,302.906534019865,3,VESTIDO MIDI ALGODÃO,908.719602059595
TRX-10458,,CLI-1045,tenis vegano branco,265.46792098470115,1,TÊNIS VEGANO BRANCO,265.46792098470115
TRX-10459,,CLI-1024,CAMISA LINHO BEGE,208.0119011040518,1,CAMISA LINHO BEGE,208.0119011040518
TRX-10460,2026-04-08,CLI-1003,camisa linho bege MINI,172.62689237541974,1,CAMISA LINHO BEGE,172.62689237541974
TRX-10461,,CLI-1031,Calça Alfaiataria Minimalista,233.0986157743721,1,CALÇA ALFAIATARIA PRETA,233.0986157743721
TRX-10462,,CLI-1019,BLAZER SEPIA VINTAGE,382.3726453234104,1,BLAZER VINTAGE MARROM,382.3726453234104
TRX-10463,,CLI-1028,BLAZER SEPIA VINTAGE,403.9579455020506,1,BLAZER VINTAGE MARROM,403.9579455020506
TRX-10464,,CLI-1030,camisa linho bege MINI,195.90804369592612,1,CAMISA LINHO BEGE,195.90804369592612
TRX-10465,,CLI-1001,CAMISA LINHO BEGE,177.57129822367443,1,CAMISA LINHO BEGE,177.57129822367443
TRX-10466,,CLI-1014,camisa linho bege MINI,172.21122243985468,3,CAMISA LINHO BEGE,516.633667319564
TRX-10467,,CLI-1008,CAMISA LINHO BEGE,176.72659034199995,2,CAMISA LINHO BEGE,353.4531806839999
TRX-10468,,CLI-1015,tenis vegano branco,263.94183244042586,1,TÊNIS VEGANO BRANCO,263.94183244042586
TRX-10469,,CLI-1016,Calça Alfaiataria Minimalista,255.22758504053857,1,CALÇA ALFAIATARIA PRETA,255.22758504053857
TRX-10470,2026-02-21,CLI-1035,BLAZER SEPIA VINTAGE,382.1501448314645,1,BLAZER VINTAGE MARROM,382.1501448314645
TRX-10471,,CLI-1034,Vestido Midi Algodão Sustentável,308.87269878706644,1,VESTIDO MIDI ALGODÃO,308.87269878706644
TRX-10472,,CLI-1036,BLAZER SEPIA VINTAGE,389.1653938613945,1,BLAZER VINTAGE MARROM,389.1653938613945
TRX-10473,,CLI-1026,calca alfaiataria preta,230.3412505771459,1,CALÇA ALFAIATARIA PRETA,230.3412505771459
TRX-10474,,CLI-1022,CALÇA ALFAIATARIA PRETA,240.2925283498014,1,CALÇA ALFAIATARIA PRETA,240.2925283498014
TRX-10475,,CLI-1020,Vestido Midi Algodão Sustentável,304.65792772030886,2,VESTIDO MIDI ALGODÃO,609.3158554406177
TRX-10476,,CLI-1036,Tênis Vegano Casual Branco,298.93495019640216,3,TÊNIS VEGANO BRANCO,896.8048505892065
TRX-10477,,CLI-1010,Calça Alfaiataria Minimalista,244.75634270600565,1,CALÇA ALFAIATARIA PRETA,244.75634270600565
TRX-10478,,CLI-1025,Calça Alfaiataria Minimalista,240.54077112021525,1,CALÇA ALFAIATARIA PRETA,240.54077112021525
TRX-10479,,CLI-1039,camisa linho bege MINI,182.8870370756024,2,CAMISA LINHO BEGE,365.7740741512048
TRX-10480,2026-02-07,CLI-1041,Tênis Vegano Casual Branco,275.67905114280137,2,TÊNIS VEGANO BRANCO,551.3581022856027
TRX-10481,,CLI-1016,Tênis Vegano Casual Branco,265.22580016712385,1,TÊNIS VEGANO BRANCO,265.22580016712385
TRX-10482,,CLI-1047,VESTIDO SUSTENTAVEL MIDI,307.42538824346167,1,VESTIDO MIDI ALGODÃO,307.42538824346167
TRX-10483,,CLI-1039,Blazer Vintage Marrom Sépia,407.11275539351294,1,BLAZER VINTAGE MARROM,407.11275539351294
TRX-10484,,CLI-1021,blazer vintage marrom,389.7180841384392,1,BLAZER VINTAGE MARROM,389.7180841384392
TRX-10485,,CLI-1023,TENIS CASUAL VEGANO,295.47563664515377,2,TÊNIS VEGANO BRANCO,590.9512732903075
TRX-10486,,CLI-1022,calca alfaiataria preta,259.3973507488594,1,CALÇA ALFAIATARIA PRETA,259.3973507488594
TRX-10487,,CLI-1042,Tênis Vegano Casual Branco,261.42087392949816,1,TÊNIS VEGANO BRANCO,261.42087392949816
TRX-10488,,CLI-1016,CAMISA LINHO BEGE,172.75026911061036,3,CAMISA LINHO BEGE,518.2508073318311
TRX-10489,,CLI-1045,calca alfaiataria preta,245.4038092593108,3,CALÇA ALFAIATARIA PRETA,736.2114277779324
TRX-10490,2026-01-07,CLI-1027,Calça Alfaiataria Minimalista,260.8861412472473,1,CALÇA ALFAIATARIA PRETA,260.8861412472473
TRX-10491,,CLI-1031,Blazer Vintage Marrom Sépia,373.8358259885359,1,BLAZER VINTAGE MARROM,373.8358259885359
TRX-10492,,CLI-1047,Blazer Vintage Marrom Sépia,370.73779844123646,3,BLAZER VINTAGE MARROM,1112.2133953237094
TRX-10493,,CLI-1024,TENIS CASUAL VEGANO,291.1993969825575,3,TÊNIS VEGANO BRANCO,873.5981909476725
TRX-10494,,CLI-1035,TENIS CASUAL VEGANO,268.1274904878222,1,TÊNIS VEGANO BRANCO,268.1274904878222
TRX-10495,,CLI-1049,tenis vegano branco,262.6701722514344,1,TÊNIS VEGANO BRANCO,262.6701722514344
TRX-10496,,CLI-1001,Calça Alfaiataria Minimalista,241.6128814680386,1,CALÇA ALFAIATARIA PRETA,241.6128814680386
TRX-10497,,CLI-1031,calca alfaiataria preta,266.7118872487763,1,CALÇA ALFAIATARIA PRETA,266.7118872487763
TRX-10498,,CLI-1016,camisa linho bege MINI,175.023829854648,3,CAMISA LINHO BEGE,525.0714895639439
TRX-10499,,CLI-1013,Vestido Midi Algodão Sustentável,283.70046795969216,1,VESTIDO MIDI ALGODÃO,283.70046795969216
